steps,values
0,0.1647460013628006
1,0.2982146739959717
2,0.410521924495697
3,0.5327605605125427
4,0.664233386516571
5,0.8072848320007324
6,0.9050812125205994
7,0.9601036310195923
8,0.9907110929489136
9,0.999015748500824
10,0.9998154640197754
11,0.9999384880065918
12,1.0
13,1.0
14,1.0
15,1.0
16,1.0
17,1.0
18,1.0
19,1.0
20,1.0
21,1.0
22,1.0
23,1.0
24,1.0
25,1.0
26,1.0
27,1.0
28,1.0
29,1.0
