steps,values
0,0.22979386150836945
1,0.4774894118309021
2,0.6217451691627502
3,0.7654284834861755
4,0.8845958113670349
5,0.9654353260993958
6,0.9909295439720154
7,0.9984067678451538
8,0.9998013973236084
9,1.0
10,1.0
11,1.0
12,1.0
13,1.0
14,1.0
15,1.0
16,1.0
17,1.0
18,1.0
19,1.0
20,1.0
21,1.0
22,1.0
23,1.0
24,1.0
25,1.0
26,1.0
27,1.0
28,1.0
29,1.0
