steps,values
0,0.21442362666130066
1,0.4952983856201172
2,0.6922817826271057
3,0.8240070939064026
4,0.9357713460922241
5,0.9803981781005859
6,0.996699869632721
7,0.99609375
8,0.9989544749259949
9,0.9860234260559082
10,0.9998652935028076
11,1.0
12,1.0
13,1.0
14,0.9991244673728943
15,1.0
16,1.0
17,1.0
18,1.0
19,1.0
20,1.0
21,1.0
22,1.0
23,1.0
24,1.0
25,1.0
26,1.0
27,1.0
28,1.0
29,1.0
